Customer_ID,Marketing_Channel,Marketing_Spend,New_Customers,CAC,Conversion_Rate,Break_Even_Customers
CUST0001,Email Marketing,3489.0278438962587,16,218.06424024351617,0.4585804618323859,16.0
CUST0002,Online Ads,1107.8658076205506,33,33.57169114001669,2.97870010726991,33.0
CUST0003,Social Media,2576.081025358819,44,58.547296030882244,1.7080208101711902,44.0
CUST0004,Online Ads,3257.5679320990967,32,101.79899787809677,0.9823279411821808,32.0
CUST0005,Email Marketing,1108.4081853612497,13,85.26216810471152,1.1728531214124038,13.0
CUST0006,Email Marketing,3570.998592037343,35,102.02853120106694,0.9801180005515386,35.0
CUST0007,Referral,1542.797948922257,27,57.14066477489841,1.7500671438448065,27.0
CUST0008,Online Ads,2846.793776206047,22,129.39971710027487,0.7727992165740801,22.0
CUST0009,Social Media,1201.1385339545102,17,70.65520787967706,1.415323838128053,17.0
CUST0010,Online Ads,2516.4154567525584,39,64.5234732500656,1.5498235752505518,38.99999999999999
CUST0011,Online Ads,1846.6411368459264,15,123.10940912306177,0.8122855979272771,15.0
CUST0012,Email Marketing,2307.3832195252344,23,100.3210095445754,0.9968001762937526,23.0
CUST0013,Online Ads,4044.918831576109,50,80.89837663152218,1.236118747542764,50.0
CUST0014,Online Ads,2516.504862256545,48,52.42718463034469,1.9074074014289204,48.0
CUST0015,Email Marketing,4008.0392942191393,11,364.3672085653763,0.2744484071267834,11.0
CUST0016,Email Marketing,4327.6971406210905,13,332.8997800477762,0.30039070613278407,13.0
CUST0017,Online Ads,2009.0861271295223,31,64.80922990740395,1.5429900979054187,31.0
CUST0018,Email Marketing,1327.6249310465705,25,53.10499724186282,1.8830619563834514,25.0
CUST0019,Referral,1077.533148200043,18,59.86295267778016,1.670482251990852,18.0
CUST0020,Online Ads,3157.6761916901346,46,68.64513460195944,1.4567674836658495,46.00000000000001
CUST0021,Referral,4999.631314036837,23,217.37527452334072,0.4600339216098953,23.0
CUST0022,Email Marketing,2399.841374880736,14,171.4172410629097,0.5833718905982171,14.000000000000002
CUST0023,Social Media,3600.5763729995,45,80.01280828887778,1.2497999025226132,45.0
CUST0024,Online Ads,4124.932198443579,23,179.3448781931991,0.5575849224546858,23.0
CUST0025,Referral,3607.0186209755575,47,76.74507704203315,1.3030151751001589,46.99999999999999
CUST0026,Social Media,4016.932816238105,23,174.6492528799176,0.5725761682402176,23.0
CUST0027,Online Ads,4798.446930863956,24,199.93528878599818,0.5001618303962115,24.0
CUST0028,Online Ads,1797.4427294501315,31,57.98202353064941,1.724672474515137,31.0
CUST0029,Referral,1081.5200692813294,19,56.92210890954365,1.7567866320433156,19.0
CUST0030,Email Marketing,1609.5293831391614,48,33.53186214873253,2.9822381935260314,48.0
CUST0031,Referral,1504.883899496825,10,150.4883899496825,0.6645030891315677,10.0
CUST0032,Email Marketing,3677.8353784796423,27,136.21612512887563,0.734127475035638,27.0
CUST0033,Email Marketing,3255.8783277200764,19,171.36201724842508,0.5835598903754097,19.0
CUST0034,Referral,1871.8581636260144,18,103.99212020144525,0.9616113202258784,18.0
CUST0035,Social Media,3797.859884984604,44,86.31499738601373,1.1585472169197304,44.0
CUST0036,Email Marketing,4067.592393424963,26,156.44586128557552,0.6391987565427537,25.999999999999996
CUST0037,Referral,1671.156573471209,21,79.57888445100996,1.2566147501296228,21.0
CUST0038,Email Marketing,3428.9899755637266,17,201.7052926802192,0.49577281126945255,17.0
CUST0039,Referral,3991.702607821144,11,362.8820552564676,0.27557163147492864,11.0
CUST0040,Email Marketing,1458.1314855155906,18,81.00730475086614,1.234456575336569,18.0
CUST0041,Email Marketing,4277.20469724434,10,427.72046972443405,0.2337975548947345,10.0
CUST0042,Online Ads,4858.883092136351,32,151.84009662926096,0.6585875682374209,32.0
CUST0043,Online Ads,1432.3949986304262,25,57.29579994521705,1.7453286295961354,25.0
CUST0044,Social Media,1102.713701989864,47,23.461993659358807,4.262212387058198,47.0
CUST0045,Online Ads,2247.8289775787807,30,74.92763258595936,1.334621107710521,30.0
CUST0046,Online Ads,3709.389147401635,11,337.21719521833046,0.29654478305963977,11.0
CUST0047,Online Ads,4832.691352823584,21,230.1281596582659,0.43454047583093397,21.0
CUST0048,Social Media,2586.6177660665094,26,99.48529869486575,1.0051736418534856,26.0
CUST0049,Email Marketing,3860.0588201978735,13,296.92760155368256,0.3367824327436958,13.0
CUST0050,Social Media,1303.9859113722398,18,72.44366174290221,1.3803830120417355,18.0
CUST0051,Social Media,3762.4576637319215,36,104.51271288144227,0.9568213975407812,36.0
CUST0052,Online Ads,3508.969582404178,43,81.60394377684135,1.2254309702661619,43.0
CUST0053,Social Media,1407.605221783906,17,82.80030716375917,1.207724988292905,17.0
CUST0054,Referral,4089.923539804896,14,292.1373957003497,0.34230468769760547,14.0
CUST0055,Email Marketing,4401.172956355185,40,110.02932390887963,0.9088486273242451,40.0
CUST0056,Email Marketing,3401.6464592673765,38,89.5170120859836,1.117106097151089,38.0
CUST0057,Online Ads,1484.2202602692605,33,44.976371523310924,2.2233896735793977,33.0
CUST0058,Email Marketing,4935.377406058686,42,117.50898585854013,0.8509987493244319,42.0
CUST0059,Online Ads,4130.541385444079,47,87.88385926476765,1.137865369552446,47.0
CUST0060,Social Media,2388.815061233796,16,149.30094132711224,0.6697881413949299,16.0
CUST0061,Referral,2713.512052938978,38,71.40821191944679,1.4003991601527097,38.0
CUST0062,Email Marketing,2482.2835048722245,42,59.10198821124344,1.6919904562698995,42.0
CUST0063,Email Marketing,3023.8431587083114,24,125.99346494617964,0.7936919588862548,24.0
CUST0064,Email Marketing,2364.924699445133,49,48.263769376431284,2.0719475766605404,49.0
CUST0065,Referral,4398.302507998309,12,366.5252089998591,0.2728325297811601,12.0
CUST0066,Referral,4289.323672360232,43,99.75171331070307,1.0024890468650256,43.0
CUST0067,Online Ads,1422.1554825759945,29,49.03984422675843,2.039158190177026,29.0
CUST0068,Online Ads,4843.150268858314,39,124.18334022713626,0.8052609940841986,39.0
CUST0069,Social Media,3542.340424405784,11,322.0309476732531,0.31052916100928424,11.0
CUST0070,Social Media,4314.829244009833,13,331.9099418469102,0.3012865461141381,13.0
CUST0071,Online Ads,3829.234574824308,40,95.73086437060769,1.0445951852358188,40.0
CUST0072,Referral,2741.9485800307084,35,78.34138800087739,1.2764644915262422,35.0
CUST0073,Referral,3935.181216053568,37,106.35624908252886,0.9402362424647317,37.0
CUST0074,Social Media,4861.89492495231,16,303.8684328095194,0.329089794143524,16.0
CUST0075,Email Marketing,2080.3295855496035,41,50.73974598901472,1.9708415572606581,41.0
CUST0076,Social Media,4232.796875227024,38,111.38939145334275,0.8977515604965544,38.0
CUST0077,Referral,3152.691625793023,14,225.19225898521591,0.4440649978406455,14.0
CUST0078,Social Media,2933.9900155327846,15,195.5993343688523,0.5112491835551166,15.0
CUST0079,Social Media,2742.297972015577,30,91.40993240051924,1.0939730221202084,30.0
CUST0080,Online Ads,3924.104857220489,48,81.75218452542686,1.2232089035969143,48.0
CUST0081,Email Marketing,2073.582152196901,19,109.13590274720532,0.9162887508397024,19.0
CUST0082,Social Media,4406.852640077328,14,314.775188576952,0.31768704659374175,14.0
CUST0083,Email Marketing,4322.924075562414,18,240.16244864235634,0.41638482854127373,18.0
CUST0084,Referral,1346.6515922226977,27,49.87598489713695,2.0049729385041246,27.0
CUST0085,Social Media,4526.524736011088,49,92.37805583696098,1.0825081681356346,49.0
CUST0086,Online Ads,1975.453756763824,50,39.50907513527648,2.531064056994667,50.0
CUST0087,Referral,2858.833866412927,47,60.826252476870785,1.6440269772993996,47.0
CUST0088,Email Marketing,3441.3268169220823,45,76.47392926493517,1.3076351766045846,45.0
CUST0089,Online Ads,2515.957216513056,30,83.8652405504352,1.1923891154865478,30.0
CUST0090,Online Ads,1114.7999910803585,34,32.78823503177525,3.049874441338165,34.0
CUST0091,Online Ads,4403.811345249836,48,91.74606969270492,1.0899649471082615,48.0
CUST0092,Email Marketing,1727.359428630767,43,40.17114950304109,2.4893487300489037,43.0
CUST0093,Referral,1848.479400718956,28,66.01712145424843,1.514758562584444,28.0
CUST0094,Social Media,4191.3294273123865,39,107.46998531570222,0.9304923575288625,39.0
CUST0095,Online Ads,2361.3553726571345,42,56.22274696802701,1.7786395256864345,42.0
CUST0096,Social Media,4521.2799190329015,48,94.19333164651879,1.0616462784783112,48.0
CUST0097,Referral,3804.7350013288064,37,102.83067571158936,0.9724724583204277,37.0
CUST0098,Email Marketing,2105.0743030247395,16,131.56714393904622,0.7600681827244729,16.0
CUST0099,Referral,1040.6044577547084,17,61.212026926747555,1.6336658826813566,17.0
CUST0100,Referral,4792.250311108124,45,106.49445135795831,0.9390160588167303,45.0
CUST0101,Online Ads,1342.4518478320852,23,58.36747164487327,1.7132830527323955,23.0
CUST0102,Email Marketing,3880.298656416777,37,104.87293665991288,0.9535348506954174,37.0
CUST0103,Email Marketing,2954.3113873951497,38,77.74503651039868,1.2862557468427536,38.0
CUST0104,Email Marketing,4032.6586139298656,24,168.02744224707774,0.5951408809339247,24.0
CUST0105,Social Media,3762.437357786092,36,104.51214882739144,0.9568265615240238,36.0
CUST0106,Email Marketing,3583.611598963809,31,115.60037416012287,0.8650491032276926,31.0
CUST0107,Online Ads,2963.2853403143445,39,75.9816753926755,1.316106804478805,39.0
CUST0108,Social Media,4171.73147252927,35,119.19232778655056,0.8389801747901077,35.0
CUST0109,Social Media,1372.2134022186867,36,38.117038950519074,2.623498644000473,36.0
CUST0110,Referral,1886.3856018901208,16,117.89910011813255,0.8481828945242329,16.0
CUST0111,Referral,3767.148621180808,30,125.57162070602693,0.7963582809376004,30.0
CUST0112,Social Media,2224.824120520353,37,60.13038163568522,1.6630528075786168,37.0
CUST0113,Email Marketing,3326.2223413294687,30,110.87407804431562,0.9019240724602072,30.0
CUST0114,Online Ads,2893.0419550381,26,111.2708444245423,0.8987080175149964,26.0
CUST0115,Referral,3123.687724583071,33,94.65720377524458,1.0564436304017752,33.0
CUST0116,Referral,2702.01525082086,19,142.21132899057156,0.7031788586029589,19.0
CUST0117,Social Media,3983.741746854439,40,99.59354367136098,1.0040811513844738,40.0
CUST0118,Email Marketing,2323.1651887837206,14,165.9403706274086,0.6026261097399457,14.0
CUST0119,Email Marketing,3811.419768743076,15,254.0946512495384,0.3935541323213181,15.0
CUST0120,Online Ads,2083.665707904785,15,138.91104719365234,0.7198851496713041,15.0
CUST0121,Referral,2005.614704803766,15,133.70764698691772,0.7479003800716367,15.000000000000002
CUST0122,Email Marketing,1482.6235390092234,37,40.07090645970874,2.495576188189052,37.0
CUST0123,Referral,1770.3371738060696,16,110.64607336287935,0.9037826373832168,16.0
CUST0124,Email Marketing,1478.2189650202113,33,44.794514091521556,2.2324162239082623,33.0
CUST0125,Online Ads,3143.4558615349997,18,174.63643675194442,0.572618188162194,18.0
CUST0126,Social Media,4048.758437936412,45,89.97240973192027,1.1114518361568586,45.0
CUST0127,Online Ads,1740.5993697506478,13,133.89225921158828,0.746869166214988,13.000000000000002
CUST0128,Referral,1865.5385595144223,47,39.692309776902604,2.51937971264628,47.0
CUST0129,Referral,2936.7943488508345,45,65.26209664112966,1.532282981190306,45.0
CUST0130,Referral,3898.3400043722063,45,86.62977787493791,1.1543374859435038,45.0
CUST0131,Social Media,4906.428091532227,31,158.27187392039443,0.6318241992275692,31.0
CUST0132,Online Ads,3098.5474764344312,17,182.26749861379008,0.548644167284546,17.0
CUST0133,Referral,2131.99481309982,36,59.22207814166167,1.6885594551544754,36.0
CUST0134,Referral,1402.1044323631631,32,43.81576351134885,2.2822836346124316,32.0
CUST0135,Online Ads,1776.4703123642937,37,48.01271114498091,2.082781780392205,37.0
CUST0136,Social Media,1909.9326539302187,13,146.91789645617067,0.6806522718614647,13.0
CUST0137,Online Ads,1717.7661747416132,28,61.348791955057614,1.6300239468978812,28.0
CUST0138,Referral,1056.5934690242552,48,22.01236393800532,4.542901447642595,48.0
CUST0139,Referral,3136.540357070653,29,108.15656403691906,0.924585584707232,29.0
CUST0140,Online Ads,2097.245307133069,32,65.53891584790841,1.5258110193959116,32.0
CUST0141,Social Media,4897.179724410951,16,306.07373277568445,0.3267186605434321,16.0
CUST0142,Email Marketing,3213.4358671944333,46,69.85730146074854,1.4314895924828708,46.0
CUST0143,Social Media,3789.6695716407776,42,90.23022789620899,1.1082760437558585,42.0
CUST0144,Referral,1505.1179718336357,23,65.43991181885373,1.528119418571546,23.0
CUST0145,Social Media,4473.844789051776,19,235.4655152132514,0.4246906384972514,19.0
CUST0146,Online Ads,2963.514778095116,40,74.0878694523779,1.3497486260456966,40.0
CUST0147,Email Marketing,4490.878939994138,24,187.11995583308908,0.5344165434134667,24.0
CUST0148,Email Marketing,3296.256878505329,16,206.01605490658307,0.48539906292907364,16.0
CUST0149,Online Ads,2877.587779722041,32,89.92461811631378,1.112042531786503,32.0
CUST0150,Social Media,2761.875192544041,45,61.37500427875647,1.629327788651783,45.0
CUST0151,Referral,1737.454681560327,33,52.65014186546445,1.8993301149221482,33.0
CUST0152,Email Marketing,1205.5068687343114,17,70.91216874907714,1.4101952001193223,17.0
CUST0153,Social Media,4764.254387072413,27,176.45386618786713,0.5667203681076155,27.000000000000004
CUST0154,Email Marketing,2910.9167490627506,46,63.28079889266849,1.580258178624001,46.0
CUST0155,Online Ads,4288.462581197722,24,178.68594088323843,0.5596411195290657,24.0
CUST0156,Online Ads,2602.829769007759,37,70.34675051372321,1.4215297688909176,37.0
CUST0157,Social Media,1296.328681022559,45,28.807304022723535,3.471341848620018,45.0
CUST0158,Email Marketing,3517.7828278079933,49,71.79148628179578,1.3929228266354625,49.0
CUST0159,Online Ads,1214.4362971701323,49,24.784414227961886,4.034793765155021,49.0
CUST0160,Online Ads,1596.7903378946207,45,35.48422973099157,2.8181533249589186,45.0
CUST0161,Online Ads,3251.3583883382566,11,295.57803530347786,0.3383201322700698,11.0
CUST0162,Email Marketing,2215.3420473689107,48,46.15295932018564,2.1667082993801356,48.0
CUST0163,Online Ads,4975.6724908408805,27,184.28416632744003,0.5426402169696873,26.999999999999996
CUST0164,Referral,1473.8062488458463,11,133.9823862587133,0.7463667635155041,11.0
CUST0165,Referral,4057.773781304777,21,193.22732291927508,0.5175251537370684,21.0
CUST0166,Online Ads,3425.2706049718518,27,126.86187425821673,0.7882588885330385,27.0
CUST0167,Online Ads,4162.963319373677,29,143.5504592887475,0.696619157441029,28.999999999999996
CUST0168,Email Marketing,1902.7485482601385,31,61.3789854277464,1.6292221075846416,31.0
CUST0169,Online Ads,3090.290140520872,32,96.57156689127724,1.0355014754247758,32.0
CUST0170,Online Ads,2802.057859555017,10,280.2057859555017,0.3568805678262496,10.0
CUST0171,Referral,2770.8840160773134,21,131.9468579084435,0.7578808740514983,21.0
CUST0172,Email Marketing,4440.666663304721,19,233.7192980686695,0.42786368445543943,19.0
CUST0173,Social Media,4960.125041867192,46,107.82880525798242,0.9273959751362183,46.0
CUST0174,Referral,2221.520977277441,35,63.472027922212604,1.5754971642398732,35.0
CUST0175,Referral,3484.109284288594,14,248.86494887775672,0.4018243647847746,14.0
CUST0176,Online Ads,3438.523648980521,19,180.97492889371165,0.5525627257393811,19.0
CUST0177,Online Ads,3960.35722193818,50,79.20714443876359,1.2625123744653073,50.00000000000001
CUST0178,Social Media,4790.360801301512,11,435.48734557286474,0.22962779749306916,11.0
CUST0179,Social Media,1831.1516232942051,15,122.07677488628035,0.8191566339555925,15.0
CUST0180,Social Media,1844.100781221572,43,42.88606467957145,2.331759762691271,43.0
CUST0181,Email Marketing,3641.7125487681465,23,158.3353282073107,0.6315709900766339,23.0
CUST0182,Email Marketing,1628.2283735235087,34,47.889069809514965,2.0881591644557536,34.0
CUST0183,Referral,1695.2541933057378,36,47.090394258492715,2.123575340037954,36.0
CUST0184,Online Ads,1300.2594756046717,39,33.33998655396594,2.999401329635646,39.0
CUST0185,Social Media,1010.702890411543,31,32.603319045533645,3.067172390036133,31.0
CUST0186,Social Media,2802.0148184708096,20,140.10074092354049,0.7137720995678009,20.0
CUST0187,Referral,3375.244780478253,33,102.28014486297735,0.9777068670949576,33.0
CUST0188,Online Ads,2165.0371561241104,29,74.65645365945208,1.3394689286495358,29.0
CUST0189,Online Ads,1925.9049382241035,30,64.19683127413678,1.5577092827677832,30.0
CUST0190,Social Media,3827.823319516133,46,83.21355042426376,1.2017273567844495,46.0
CUST0191,Social Media,3811.950232374869,48,79.4156298411431,1.2591979714828465,48.0
CUST0192,Social Media,2816.125305628173,15,187.7416870418782,0.5326467529701793,15.0
CUST0193,Online Ads,3749.539680284971,13,288.4261292526901,0.34670922589121606,13.0
CUST0194,Referral,4695.644177930195,19,247.13916725948394,0.4046303186536391,19.0
CUST0195,Social Media,4151.312106586925,20,207.56560532934628,0.48177538779283335,20.0
CUST0196,Referral,3500.2320286568875,49,71.43330670728342,1.3999071946896713,49.0
CUST0197,Email Marketing,3644.732171413472,13,280.3640131856517,0.3566791574415862,13.0
CUST0198,Online Ads,4734.673833782053,15,315.6449222521369,0.31681168601255083,15.0
CUST0199,Referral,2700.555864416847,27,100.02058757099432,0.9997941666661405,27.0
CUST0200,Referral,3178.2495148423145,38,83.63814512742933,1.1956267065421178,38.0
CUST0201,Referral,3590.538893609923,37,97.04159171918711,1.0304859826431305,37.0
CUST0202,Referral,4633.645780850424,41,113.01575075244936,0.8848324179081978,41.0
CUST0203,Referral,4306.524638600238,48,89.71926330417163,1.1145878411972021,48.0
CUST0204,Online Ads,1285.6393474232566,38,33.83261440587518,2.955727831149655,38.0
CUST0205,Social Media,1663.691156882899,36,46.21364324674719,2.1638631575977,36.0
CUST0206,Online Ads,2230.4472504569303,27,82.60915742433075,1.210519549138352,27.000000000000004
CUST0207,Social Media,3995.830888278493,23,173.73177775123884,0.5755999351090905,23.0
CUST0208,Online Ads,3276.8281972763693,42,78.0197189827707,1.2817272518256988,42.0
CUST0209,Social Media,2154.442353223367,17,126.73190313078628,0.789067295050409,17.0
CUST0210,Referral,1497.414632698833,32,46.79420727183853,2.1370166486436353,32.0
CUST0211,Social Media,3754.711964848375,37,101.47870175265878,0.9854284522060311,37.0
CUST0212,Referral,3798.934739902869,17,223.46674940605112,0.44749386772657895,17.0
CUST0213,Social Media,4770.704962976163,28,170.38232010629153,0.5869153556402792,28.000000000000004
CUST0214,Social Media,3001.8887084717026,47,63.86997252067452,1.565680961701217,47.0
CUST0215,Referral,2975.1808773803373,41,72.56538725317895,1.3780674752151783,41.0
CUST0216,Referral,1321.7674075972038,43,30.738776920865206,3.253219874604734,43.0
CUST0217,Email Marketing,1159.4431367344523,29,39.98079781842939,2.5012007127557716,29.000000000000004
CUST0218,Email Marketing,2728.1146566430903,12,227.34288805359085,0.439864210647431,12.0
CUST0219,Online Ads,2289.2863334332,24,95.38693055971667,1.0483616509433158,24.0
CUST0220,Social Media,2001.471609648016,35,57.18490313280046,1.7487132883266425,35.0
CUST0221,Referral,1365.3075465239408,48,28.443907219248768,3.5156914002422033,48.0
CUST0222,Email Marketing,4847.644408771346,13,372.89572375164204,0.2681714850304975,13.0
CUST0223,Email Marketing,4343.834455624725,10,434.3834455624725,0.2302113513338715,10.0
CUST0224,Email Marketing,3300.796436879722,23,143.5128885599879,0.6968015277471078,23.0
CUST0225,Online Ads,4803.145111225409,29,165.62569349053135,0.6037710568482353,29.0
CUST0226,Email Marketing,4998.289667509805,23,217.3169420656437,0.4601574044318807,23.0
CUST0227,Email Marketing,3689.126337212957,18,204.95146317849762,0.48792040051408353,18.0
CUST0228,Referral,2078.044103868216,26,79.92477322570062,1.2511765246753803,26.0
CUST0229,Online Ads,1160.9266925784648,28,41.46166759208803,2.411866328769724,28.0
CUST0230,Referral,4025.075321650229,30,134.16917738834096,0.745327667252209,30.000000000000004
CUST0231,Online Ads,2882.0032930065345,17,169.52960547097263,0.5898674731306581,17.0
CUST0232,Online Ads,3606.037957734745,10,360.6037957734745,0.2773126660674931,10.0
CUST0233,Email Marketing,4664.29115170707,41,113.76319882212366,0.8790188833944155,41.0
CUST0234,Email Marketing,1725.9565888925035,37,46.64747537547307,2.14373873816501,37.0
CUST0235,Online Ads,3341.3185011114174,21,159.1104048148294,0.6284944100065529,21.0
CUST0236,Online Ads,3539.1388778163478,18,196.61882654535265,0.508598295275319,18.0
CUST0237,Referral,2966.903208764053,34,87.26185908129568,1.1459760432887076,34.0
CUST0238,Online Ads,1364.9696251753087,44,31.022036935802472,3.223514955092784,44.0
CUST0239,Email Marketing,2391.844225178602,24,99.66017604910841,1.0034098269174654,24.0
CUST0240,Email Marketing,2333.233574660368,42,55.55318034905638,1.8000769599808983,42.0
CUST0241,Social Media,3680.534038084742,45,81.78964529077204,1.2226486573512816,45.0
CUST0242,Email Marketing,4430.93237760141,32,138.46663680004406,0.7221956300159678,32.0
CUST0243,Email Marketing,2319.214654315861,14,165.65818959399007,0.6036526189564727,14.0
CUST0244,Referral,3774.69469593373,35,107.84841988382087,0.9272273076204962,35.0
CUST0245,Online Ads,2152.871181445823,12,179.4059317871519,0.5573951708499834,12.0
CUST0246,Email Marketing,4780.774158252842,37,129.21011238521197,0.7739332328871572,36.99999999999999
CUST0247,Online Ads,4254.26413895189,11,386.75128535926274,0.25856410511243044,11.0
CUST0248,Social Media,3200.3864358871315,39,82.0611906637726,1.218602840040765,39.0
CUST0249,Email Marketing,2819.303634406918,14,201.37883102906557,0.4965765243992638,14.0
CUST0250,Social Media,2258.068628680672,30,75.26895428935573,1.328569008884738,30.000000000000004
CUST0251,Social Media,2293.0951451039787,46,49.849894458782146,2.0060223012645277,46.0
CUST0252,Referral,4880.7389072343085,37,131.91186235768402,0.7580819360191141,37.0
CUST0253,Online Ads,2616.700228002983,46,56.88478756528224,1.7579392361312378,46.0
CUST0254,Social Media,3058.385009316421,35,87.38242883761203,1.1443948323505169,35.0
CUST0255,Referral,4952.476859127017,50,99.04953718254033,1.0095958329992802,50.0
CUST0256,Referral,3630.641545932516,36,100.851154053681,0.9915602943598648,36.0
CUST0257,Online Ads,3170.37437742878,28,113.22765633674214,0.8831764538391333,28.0
CUST0258,Online Ads,2652.990283197286,17,156.05825195278152,0.6407863650187301,17.0
CUST0259,Social Media,1750.3301655781083,35,50.00943330223166,1.9996227390870578,35.0
CUST0260,Referral,2447.1174366067007,11,222.46522150970006,0.4495084639359674,11.0
CUST0261,Referral,4025.772616222295,30,134.19242054074317,0.7451985708063017,29.999999999999996
CUST0262,Referral,3501.634968580036,20,175.0817484290018,0.5711617624183795,20.0
CUST0263,Social Media,4039.962144244068,49,82.44820702538914,1.2128826521261518,49.0
CUST0264,Online Ads,1814.2329534010955,39,46.51879367695117,2.149668813306897,39.0
CUST0265,Referral,3196.8785563413267,33,96.87510776791899,1.0322569161891126,33.0
CUST0266,Email Marketing,4710.69104337779,15,314.0460695585194,0.3184246188483693,14.999999999999998
CUST0267,Email Marketing,2752.464380289513,37,74.39092919701386,1.3442499116412987,37.0
CUST0268,Referral,3793.000116488689,16,237.06250728054306,0.4218296733091522,16.0
CUST0269,Email Marketing,1485.7043334504792,25,59.42817333801917,1.6827035795163,25.0
CUST0270,Online Ads,4892.587263286778,37,132.23208819693994,0.7562460924844878,37.0
CUST0271,Referral,3435.48666832786,47,73.09546102825234,1.3680740034097152,47.0
CUST0272,Social Media,1957.1898493106012,35,55.91970998030289,1.7882782302559135,35.0
CUST0273,Email Marketing,1633.5126552209294,43,37.98866640048673,2.6323640568419306,43.0
CUST0274,Referral,3203.35602801068,15,213.55706853404533,0.46825890936997,15.0
CUST0275,Online Ads,3209.005636214932,35,91.68587532042663,1.090680539947041,35.0
CUST0276,Online Ads,1372.8368051260902,29,47.33920017676173,2.112414228094391,29.0
CUST0277,Online Ads,4969.028557580878,31,160.29124379293157,0.6238643960438826,31.0
CUST0278,Email Marketing,4651.719513936672,24,193.821646414028,0.5159382445157189,24.0
CUST0279,Social Media,2845.791576715133,31,91.79972828113333,1.08932784303842,31.0
CUST0280,Email Marketing,1469.8645963582303,20,73.49322981791151,1.3606695507567468,20.0
CUST0281,Email Marketing,4328.572695075605,14,309.1837639339718,0.3234322486007242,14.0
CUST0282,Online Ads,2993.502018828781,42,71.27385759116144,1.4030389736110036,42.0
CUST0283,Email Marketing,3866.413303967164,50,77.32826607934328,1.2931881842196513,50.0
CUST0284,Social Media,3035.4880602780468,17,178.5581211928263,0.5600417350494478,17.0
CUST0285,Social Media,2093.6995868530967,43,48.690688066351086,2.053780794055106,43.0
CUST0286,Referral,4338.895782306778,42,103.30704243587566,0.9679882188290465,42.0
CUST0287,Referral,4920.978530413502,22,223.68084229152282,0.44706555543845006,22.0
CUST0288,Online Ads,1974.9236243005532,32,61.71636325939229,1.6203158241794413,32.0
CUST0289,Social Media,3205.0603075218787,32,100.15813461005871,0.9984211506067443,32.0
CUST0290,Social Media,2534.3440529886,19,133.38652910466317,0.7497008931204284,19.0
CUST0291,Online Ads,4687.472599726248,25,187.4989039890499,0.5333364508938148,25.0
CUST0292,Referral,3032.963566371576,16,189.5602228982235,0.5275368348437259,16.0
CUST0293,Email Marketing,4517.3050205859045,19,237.75289582031075,0.4206047613215115,19.0
CUST0294,Social Media,4456.107737714352,26,171.3887591428597,0.5834688371636195,26.0
CUST0295,Email Marketing,2104.989611288164,22,95.68134596764381,1.045135799341876,22.0
CUST0296,Email Marketing,4160.024728012454,21,198.09641561964068,0.5048046916306006,21.0
CUST0297,Social Media,2659.769694205381,48,55.411868629278764,1.8046675283417812,48.0
CUST0298,Online Ads,4736.993574730081,19,249.31545130158318,0.40109828523638313,19.0
CUST0299,Online Ads,3030.950703238626,14,216.496478802759,0.4619012768845348,14.0
CUST0300,Referral,4282.197892742313,21,203.9141853686816,0.49040237107191764,21.0
CUST0301,Referral,2131.3559331313063,50,42.627118662626124,2.345924452258986,50.0
CUST0302,Email Marketing,2194.223399087069,41,53.517643880172415,1.8685426478023386,41.0
CUST0303,Referral,3347.750889656644,39,85.83976640145241,1.1649612317480398,39.0
CUST0304,Email Marketing,4995.609332917355,46,108.60020288950771,0.9208085927955609,46.0
CUST0305,Online Ads,2958.561386622804,47,62.94811460899583,1.5886099309114037,47.0
CUST0306,Online Ads,1594.3816735311566,38,41.95741246134622,2.3833690910307257,38.0
CUST0307,Social Media,3154.322310815495,46,68.57222414816293,1.4583164137119364,46.0
CUST0308,Referral,2380.49576677203,50,47.609915335440604,2.1004028109573314,49.99999999999999
CUST0309,Referral,3207.669668283244,49,65.46264629149478,1.527588719140926,49.0
CUST0310,Referral,3173.720251834692,30,105.7906750611564,0.9452628971522407,30.0
CUST0311,Referral,2821.3784674660046,50,56.427569349320095,1.7721833698159268,50.0
CUST0312,Online Ads,2287.1094009161498,30,76.23698003053832,1.311699387356935,30.000000000000004
CUST0313,Online Ads,1754.6094948284217,19,92.3478681488643,1.0828620303264662,19.0
CUST0314,Online Ads,3789.993710482285,38,99.73667659163908,1.0026401863121936,38.0
CUST0315,Referral,3287.1905679396045,14,234.7993262814003,0.42589560022907746,14.0
CUST0316,Referral,1934.2497842315724,40,48.356244605789314,2.067985237795488,40.0
CUST0317,Social Media,4102.177900397035,38,107.95205001044829,0.9263372023997818,38.0
CUST0318,Email Marketing,1174.5891963892077,50,23.491783927784155,4.2568074143457535,50.0
CUST0319,Online Ads,3978.820606260784,29,137.2007105607167,0.7288591989889592,29.000000000000004
CUST0320,Referral,3820.9115241000095,27,141.5152416333337,0.7066376656381667,27.0
CUST0321,Referral,4245.635610259507,47,90.33267255871291,1.107019167787864,47.0
CUST0322,Referral,2544.315009963929,13,195.71653922799453,0.510943021956401,13.0
CUST0323,Referral,3654.755317938139,32,114.21110368556684,0.8755716105792021,32.0
CUST0324,Referral,4282.99020683822,42,101.9759573056719,0.9806233022186887,42.0
CUST0325,Online Ads,4923.27255463914,14,351.6623253313672,0.2843637000516652,13.999999999999998
CUST0326,Email Marketing,2981.314598465694,29,102.80395167123082,0.9727252539844196,29.000000000000004
CUST0327,Social Media,1148.0784453823048,39,29.437908855956533,3.396980420359096,39.0
CUST0328,Referral,3009.1646005318635,38,79.18854211925957,1.2628089534644793,38.0
CUST0329,Referral,3360.721717238268,12,280.060143103189,0.357066160475233,12.0
CUST0330,Referral,4478.801253448862,13,344.5231733422201,0.2902562374249017,13.0
CUST0331,Referral,4496.761496217234,33,136.26549988537073,0.7338614695878415,33.0
CUST0332,Social Media,2761.2248390827085,28,98.61517282438244,1.0140427394279754,28.0
CUST0333,Referral,3103.8043472302456,14,221.7003105164461,0.45105935921809104,14.0
CUST0334,Online Ads,2827.712297896969,15,188.51415319313128,0.5304641498060402,15.0
CUST0335,Referral,3889.7753102825695,49,79.38316959760346,1.2597128649171367,49.0
CUST0336,Referral,2639.9144789854577,48,54.99821831219703,1.8182407188602117,48.0
CUST0337,Online Ads,3619.125305710935,42,86.16965013597465,1.160501404406322,42.0
CUST0338,Referral,1617.4448750861952,34,47.57190809077045,2.1020809131555787,34.0
CUST0339,Social Media,2877.962403938928,39,73.79390779330585,1.355125416045136,39.0
CUST0340,Social Media,4876.814522296869,47,103.76201111269934,0.9637438492916903,47.0
CUST0341,Referral,2354.244936205727,45,52.316554137905044,1.9114408746494018,45.0
CUST0342,Online Ads,3770.818394347528,12,314.2348661956273,0.31823330495014157,12.0
CUST0343,Online Ads,3599.3466103170904,38,94.71964763992344,1.0557471706414052,38.0
CUST0344,Online Ads,4407.061169402766,46,95.8056775957123,1.0437794764313155,46.0
CUST0345,Social Media,4409.365346263572,22,200.4256975574351,0.49893801652526837,22.0
CUST0346,Referral,4437.368736673066,30,147.91229122243556,0.6760763366826398,30.0
CUST0347,Referral,2520.03759009062,48,52.50078312688792,1.9047334924188146,48.0
CUST0348,Social Media,2266.6446157335986,40,56.666115393339965,1.7647230502014104,40.0
CUST0349,Email Marketing,3874.869700891932,42,92.25880240218886,1.0839074147533858,42.0
CUST0350,Social Media,4037.607237337455,19,212.50564407039238,0.4705757366466702,19.0
CUST0351,Referral,4489.532069594145,13,345.3486207380111,0.2895624710656139,13.0
CUST0352,Email Marketing,1143.5963993507462,38,30.094642088177533,3.3228506159667637,38.0
CUST0353,Referral,1273.6829887262058,16,79.60518679538787,1.256199552135135,16.0
CUST0354,Online Ads,3524.6440674185624,31,113.69819572317944,0.8795214327188587,30.999999999999996
CUST0355,Referral,4683.716395121187,15,312.2477596747458,0.32025850274847584,15.0
CUST0356,Online Ads,4989.703691824861,42,118.8024688529729,0.8417333491929163,42.0
CUST0357,Referral,3987.065466951708,21,189.86026033103371,0.526703164873173,21.0
CUST0358,Social Media,2735.885887692503,12,227.9904906410419,0.4386147848483924,12.0
CUST0359,Online Ads,1393.772505532792,25,55.750900221311674,1.7936930094946413,25.0
CUST0360,Social Media,3534.991315123165,38,93.02608724008329,1.0749672803277033,38.0
CUST0361,Email Marketing,4490.316930428363,38,118.1662350112727,0.8462654326801586,38.0
CUST0362,Social Media,2774.714206646823,43,64.52823736387961,1.5497091519189103,43.0
CUST0363,Email Marketing,3776.0046511729374,43,87.81406165518459,1.1387697837353814,43.0
CUST0364,Email Marketing,4613.696248201944,49,94.1570662898356,1.062055180141006,49.0
CUST0365,Social Media,1183.963874708851,20,59.19819373544256,1.6892407299942496,20.0
CUST0366,Email Marketing,4184.573860648847,33,126.80526850451051,0.7886107665663984,33.0
CUST0367,Social Media,2173.4711038608352,33,65.86276072305562,1.518308660344304,33.0
CUST0368,Email Marketing,2499.36435910126,28,89.26301282504501,1.1202848395449012,27.999999999999996
CUST0369,Online Ads,1582.279182797594,34,46.53762302345865,2.1487990469472855,34.0
CUST0370,Referral,3124.6652725950403,36,86.79625757208446,1.1521234071290438,36.0
CUST0371,Email Marketing,3263.712247663748,31,105.28104024721767,0.9498386391812154,31.0
CUST0372,Email Marketing,4170.077895523813,48,86.87662282341277,1.1510576349550568,48.0
CUST0373,Email Marketing,1679.9345962723896,13,129.2257381747992,0.7738396499986205,13.0
CUST0374,Email Marketing,1315.8734026399786,50,26.317468052799573,3.799757628635643,50.0
CUST0375,Social Media,4483.35839457942,31,144.62446434127162,0.6914459490341076,30.999999999999996
CUST0376,Online Ads,3478.8414741496613,14,248.48867672497582,0.40243282437645544,14.0
CUST0377,Email Marketing,1963.319167425252,31,63.33287636855652,1.578958760976913,31.0
CUST0378,Social Media,4651.316064094219,16,290.7072540058887,0.3439886642731466,16.0
CUST0379,Social Media,1572.4708805140383,45,34.943797344756405,2.8617382081688896,45.0
CUST0380,Referral,2844.5996534199903,34,83.66469568882324,1.1952472805486936,34.0
CUST0381,Email Marketing,2015.909357654169,28,71.99676277336319,1.3889513381981842,27.999999999999996
CUST0382,Social Media,2021.306832636616,26,77.7425704860237,1.2862965473720436,26.0
CUST0383,Social Media,1037.589725819484,48,21.61645262123925,4.626105945882395,48.0
CUST0384,Social Media,4218.532307900585,19,222.02801620529394,0.45039361117174026,19.0
CUST0385,Social Media,4604.837694395532,31,148.54315143211392,0.6732050521070387,31.000000000000004
CUST0386,Social Media,3710.4435427963176,15,247.36290285308783,0.4042643373222028,15.0
CUST0387,Online Ads,1631.9024882871477,47,34.72132953802442,2.8800740447017406,47.0
CUST0388,Social Media,2766.9191344152578,19,145.62732286396093,0.6866843256702307,19.0
CUST0389,Referral,2382.2624977723267,32,74.44570305538521,1.3432608719619883,32.0
CUST0390,Email Marketing,3350.2868205056857,29,115.52713174157537,0.8655975310084882,29.0
CUST0391,Referral,3555.7548094400486,35,101.59299455542995,0.9843198385636638,35.0
CUST0392,Email Marketing,2697.235753843591,18,149.84643076908839,0.6673498960685881,18.0
CUST0393,Social Media,2000.392897630805,48,41.67485203397511,2.399528615445971,48.0
CUST0394,Email Marketing,4381.215700570395,15,292.081046704693,0.34237072596190904,15.0
CUST0395,Online Ads,1796.8679964355692,29,61.960965394329975,1.6139193339481273,29.0
CUST0396,Social Media,2538.7729958693817,45,56.41717768598626,1.7725097940310384,45.0
CUST0397,Social Media,2932.8322442368644,34,86.25977188931954,1.159288945585326,34.0
CUST0398,Email Marketing,1948.8228077102983,31,62.865251861622525,1.5907038791496069,31.0
CUST0399,Email Marketing,3287.6907694029555,18,182.64948718905308,0.547496746577197,18.0
CUST0400,Social Media,3299.2477207145803,43,76.72669117940885,1.3033274140047502,43.0
CUST0401,Social Media,4970.76817450759,15,331.38454496717264,0.3017642238261477,15.0
CUST0402,Online Ads,2180.923015533077,37,58.943865284677756,1.6965293931274412,37.0
CUST0403,Social Media,4911.77793830745,42,116.947093769225,0.8550875167307092,42.0
CUST0404,Referral,3632.9192637147225,33,110.08846253680977,0.9083604012233657,33.0
CUST0405,Referral,2097.921520712911,11,190.72013824662827,0.5243284789920075,11.0
CUST0406,Online Ads,3263.716067822796,33,98.90048690372109,1.0111173678785754,33.0
CUST0407,Online Ads,3743.197970936049,29,129.07579210124305,0.7747386118813285,29.000000000000004
CUST0408,Email Marketing,3978.6753646613006,21,189.46073165053812,0.5278138595202452,21.0
CUST0409,Email Marketing,1196.1770031039998,23,52.00769578713043,1.922792357679217,23.0
CUST0410,Social Media,3425.6259723058984,31,110.50406362277091,0.9049440963670915,31.0
CUST0411,Referral,2986.909146095481,41,72.85144258769466,1.3726564148626894,41.0
CUST0412,Referral,4616.621163574901,22,209.8464165261319,0.4765389929236516,22.0
CUST0413,Email Marketing,2144.776605836778,24,89.36569190986575,1.1189976585294055,24.0
CUST0414,Online Ads,4195.440478030395,18,233.08002655724417,0.42903719154777137,18.0
CUST0415,Online Ads,3428.259992657064,19,180.43473645563495,0.5542170092319662,19.0
CUST0416,Online Ads,2409.283823341266,14,172.09170166723328,0.581085543528217,14.0
CUST0417,Online Ads,3546.471512023568,28,126.65969685798457,0.7895171272368006,28.0
CUST0418,Social Media,3483.5646525212164,16,217.72279078257603,0.45929964263531214,16.0
CUST0419,Referral,3711.057834493438,42,88.35851986889138,1.1317527743604414,42.0
CUST0420,Online Ads,3883.713506682836,44,88.26621606097355,1.1329362972909234,44.0
CUST0421,Social Media,3636.726161267015,43,84.57502700620965,1.182382123184635,43.0
CUST0422,Email Marketing,4353.348467850066,12,362.77903898750554,0.27564988395992773,12.0
CUST0423,Online Ads,3512.992414747593,31,113.32233595959978,0.8824385691771366,31.0
CUST0424,Email Marketing,4613.614816291872,49,94.15540441411983,1.0620739257852276,49.0
CUST0425,Social Media,3585.3624355620914,18,199.18680197567176,0.502041294945906,18.0
CUST0426,Online Ads,2235.7315358105443,48,46.57774032938634,2.1469482910253816,48.0
CUST0427,Email Marketing,2763.292760651246,34,81.27331648974254,1.2304161355667202,34.0
CUST0428,Online Ads,3318.295221473611,19,174.64711691966374,0.5725831709320411,19.0
CUST0429,Referral,3929.439071756953,20,196.47195358784765,0.5089784988333586,20.0
CUST0430,Referral,1360.5335029848757,21,64.78730966594647,1.5435121556307199,20.999999999999996
CUST0431,Online Ads,2180.441806516621,49,44.498812377890225,2.247250986178818,49.0
CUST0432,Social Media,3989.923459753486,20,199.4961729876743,0.5012627485649983,20.0
CUST0433,Online Ads,1702.5602817772265,38,44.80421794150596,2.2319327196058807,38.0
CUST0434,Referral,1528.639190987134,12,127.38659924892784,0.7850119289595657,12.0
CUST0435,Email Marketing,3157.6310359376844,36,87.71197322049123,1.1400952039765313,36.0
CUST0436,Online Ads,4885.95832484536,33,148.05934317713212,0.6754048603360621,33.0
CUST0437,Online Ads,3123.40949481114,25,124.9363797924456,0.8004073766674532,25.0
CUST0438,Referral,4653.947897926788,38,122.47231310333652,0.8165110747571542,38.0
CUST0439,Social Media,4321.89047826959,49,88.20184649529776,1.1337631123780525,49.0
CUST0440,Referral,2027.880338253049,28,72.42429779475175,1.3807520824488617,28.0
CUST0441,Email Marketing,4298.759250169629,38,113.12524342551656,0.8839759983883844,38.0
CUST0442,Referral,2927.3913194949646,24,121.9746383122902,0.8198425622215924,24.0
CUST0443,Email Marketing,4225.953975175066,44,96.04440852670605,1.0411850261141862,44.0
CUST0444,Referral,3986.23740286818,25,159.4494961147272,0.6271578301385659,25.000000000000004
CUST0445,Referral,2354.8610152075453,29,81.20210397267398,1.2314951843323156,28.999999999999996
CUST0446,Email Marketing,1460.6788297990377,40,36.51697074497594,2.7384527785278614,40.0
CUST0447,Email Marketing,4851.57317147551,22,220.52605324888683,0.45346116037881246,22.0
CUST0448,Email Marketing,1563.0280600235303,33,47.36448666737971,2.1112864729698586,33.0
CUST0449,Referral,4866.000837851008,46,105.78262690980453,0.9453348146219219,46.0
CUST0450,Email Marketing,4440.562387595288,38,116.8569049367181,0.8557474635679707,38.0
CUST0451,Referral,3896.866848302073,39,99.91966277697622,1.0008040181560969,39.0
CUST0452,Email Marketing,4919.768971127614,28,175.70603468312908,0.5691324158577792,28.0
CUST0453,Social Media,4869.078989200129,34,143.2082055647097,0.6982840096743915,34.0
CUST0454,Social Media,4218.350576082248,42,100.43691847814877,0.9956498219502442,42.0
CUST0455,Online Ads,2463.1001976222656,43,57.28139994470385,1.7457673886555534,43.0
CUST0456,Email Marketing,4162.72787435575,36,115.63132984321527,0.8648175207842907,36.0
CUST0457,Referral,1055.6746204036046,20,52.783731020180234,1.8945231431587903,20.0
CUST0458,Email Marketing,3146.2892330762365,22,143.01314695801076,0.6992364137638368,21.999999999999996
CUST0459,Email Marketing,2819.1441109354987,48,58.73216897782289,1.7026444236677132,48.0
CUST0460,Social Media,3691.313527495015,18,205.07297374972305,0.4876312961748088,18.0
CUST0461,Online Ads,3689.3631894040527,26,141.8985842078482,0.704728666309478,26.0
CUST0462,Social Media,3338.2403666086643,13,256.7877205083588,0.3894267210364713,13.0
CUST0463,Social Media,4289.669204907097,40,107.24173012267742,0.9324728339015663,40.0
CUST0464,Social Media,4761.1675671182165,33,144.27780506418839,0.693107300568584,33.0
CUST0465,Email Marketing,1433.3844087969228,45,31.85298686215384,3.1394230133819914,45.0
CUST0466,Online Ads,1935.287608846333,16,120.9554755528958,0.8267505009003776,16.0
CUST0467,Online Ads,1100.0985985859293,43,25.583688339207658,3.908740548826474,43.0
CUST0468,Email Marketing,4536.939380859409,17,266.87878710937696,0.3747019427175987,17.0
CUST0469,Email Marketing,3245.6295289995155,28,115.91534032141126,0.8626985843523295,28.0
CUST0470,Online Ads,4661.023634972638,15,310.7349089981759,0.3218177201988819,14.999999999999998
CUST0471,Social Media,1885.46880029596,20,94.273440014798,1.0607441500416566,20.0
CUST0472,Email Marketing,1252.8681646407815,27,46.402524616325245,2.155055157598434,26.999999999999996
CUST0473,Social Media,4295.42140556179,38,113.0374054095208,0.8846629099253662,38.0
CUST0474,Online Ads,4637.550553711568,42,110.4178703264659,0.9056505047990511,42.0
CUST0475,Social Media,2208.760698117001,19,116.25056305878952,0.8602108873178412,19.0
CUST0476,Referral,2633.183423181651,37,71.16711954545003,1.4051432830035533,37.0
CUST0477,Email Marketing,1559.1080500288845,15,103.9405366685923,0.9620885479824254,15.0
CUST0478,Email Marketing,4785.046131527784,24,199.376922146991,0.5015625626233452,24.0
CUST0479,Referral,2217.458337424021,38,58.35416677431634,1.7136736848072587,38.0
CUST0480,Referral,2970.498475912824,32,92.82807737227574,1.077260273300309,32.0
CUST0481,Social Media,1388.7679944872864,11,126.25163586248058,0.792068944824801,11.0
CUST0482,Online Ads,4549.037234114009,36,126.36214539205581,0.7913762439671814,36.0
CUST0483,Social Media,1542.656194825346,13,118.66586114041122,0.8427023495972032,13.0
CUST0484,Referral,2814.57502755557,35,80.41642935873058,1.2435269856848388,35.0
CUST0485,Referral,3681.944875400685,42,87.66535417620678,1.1407014885150712,42.0
CUST0486,Referral,3972.560486092686,33,120.38062079068746,0.8306984906970667,33.0
CUST0487,Social Media,4783.896343117729,25,191.35585372470916,0.5225865739328952,25.0
CUST0488,Email Marketing,2676.507013658891,34,78.72079451937915,1.2703123820146711,34.0
CUST0489,Email Marketing,3969.076059061263,15,264.60507060408423,0.3779217071377486,14.999999999999998
CUST0490,Email Marketing,1618.09160963934,33,49.03307907998,2.0394395350307417,33.0
CUST0491,Online Ads,2659.538109747228,24,110.8140879061345,0.902412336639953,24.0
CUST0492,Online Ads,1396.086538842114,11,126.91695807655582,0.7879167726323885,11.0
CUST0493,Social Media,2957.388151158458,30,98.57960503861527,1.0144086087667763,30.0
CUST0494,Online Ads,2632.463542790802,16,164.52897142442512,0.607795691751067,16.0
CUST0495,Social Media,4806.086101524238,31,155.03503553303995,0.6450154937958441,31.0
CUST0496,Email Marketing,1130.8651474201877,19,59.519218285273034,1.6801295931123346,19.0
CUST0497,Social Media,2482.119834937742,18,137.8955463854301,0.7251865823171059,18.0
CUST0498,Online Ads,2773.532344242806,12,231.1276953535672,0.4326612604648057,12.0
CUST0499,Social Media,4802.220679405707,28,171.5078814073467,0.5830635838972962,28.0
CUST0500,Online Ads,4421.800773223818,40,110.54501933059547,0.9046088245815981,40.0
